Node,Closeness Centrality
141493,0.6365170187793427
116648,0.5627107652399481
98343,0.5011261911637309
